timestamp,count,min_all,min_qual,eff_min_all,eff_min_qual,rec_price,rec_eff
2026-06-24T15:10:47+00:00,86,4.96,5.21,6.2634,7.32,,
2026-06-24T15:20:44+00:00,85,4.96,5.21,6.2634,7.32,,
2026-06-24T15:30:58+00:00,87,4.95,5.21,6.2634,7.32,,
2026-06-24T15:39:02+00:00,88,4.95,5.21,6.2634,7.32,,
2026-06-24T15:40:46+00:00,88,4.95,5.21,6.2634,7.32,,
2026-06-24T15:50:46+00:00,88,4.95,5.21,6.2634,7.32,,
2026-06-24T16:01:08+00:00,88,4.95,5.21,6.2634,7.32,,
2026-06-24T16:10:51+00:00,87,4.95,5.21,6.2634,7.32,,
2026-06-24T16:20:47+00:00,89,4.95,5.21,6.2634,7.32,,
2026-06-24T16:31:04+00:00,90,4.93,5.21,6.2634,7.32,,
2026-06-24T16:40:48+00:00,88,4.92,5.21,6.2634,7.32,,
2026-06-24T16:50:48+00:00,85,4.92,5.47,6.2634,7.32,,
2026-06-24T17:01:12+00:00,82,4.92,5.48,6.2126,7.32,,
2026-06-24T17:10:52+00:00,84,4.91,5.48,6.2126,7.32,,
2026-06-24T17:16:08+00:00,84,4.91,5.48,6.2126,7.32,,
2026-06-24T17:16:35+00:00,84,4.91,5.48,6.2126,7.32,,
2026-06-24T17:20:49+00:00,84,4.91,5.48,6.2126,7.32,,
2026-06-24T17:25:50+00:00,84,4.91,5.48,6.2126,7.32,,
2026-06-24T17:33:38+00:00,84,4.91,5.2,6.2126,7.32,,
2026-06-24T17:48:38+00:00,85,4.92,5.7,6.2126,7.32,,
2026-06-24T18:12:35+00:00,85,4.92,5.28,6.2126,7.32,,
2026-06-24T18:36:39+00:00,85,4.92,5.28,6.2126,7.32,,
2026-06-24T19:01:09+00:00,88,4.91,5.28,6.2126,7.32,,
2026-06-24T19:19:41+00:00,87,4.91,5.7,6.2126,7.32,,
2026-06-24T19:24:32+00:00,89,4.92,5.7,6.2126,6.6396,,
2026-06-24T19:48:31+00:00,89,4.89,5.7,6.2126,6.6396,,
2026-06-24T20:12:33+00:00,90,4.86,5.7,6.2126,6.6396,,
2026-06-24T20:36:35+00:00,87,2.0,5.7,3.1071,6.6396,,
2026-06-24T21:01:10+00:00,84,4.86,5.7,6.2126,7.32,,
2026-06-24T21:09:24+00:00,85,4.86,5.7,6.2126,7.32,,
2026-06-24T21:24:33+00:00,81,4.85,5.7,6.2126,7.32,,
2026-06-24T21:48:28+00:00,75,5.13,5.7,6.2126,7.32,,
2026-06-24T22:12:32+00:00,77,4.85,5.2,6.2126,7.32,,
2026-06-24T22:36:33+00:00,74,4.85,5.7,6.2126,7.32,,
2026-06-24T22:46:14+00:00,75,5.0,5.2,6.2126,7.32,,
2026-06-24T23:01:03+00:00,76,4.92,5.7,6.54,7.32,,
2026-06-24T23:24:32+00:00,76,2.0,5.7,3.1071,7.32,,
2026-06-24T23:48:34+00:00,71,4.92,5.7,6.54,7.32,,
2026-06-24T23:53:50+00:00,71,4.92,5.7,6.54,7.32,,
2026-06-25T00:12:29+00:00,72,5.0,5.7,6.54,6.7584,,
2026-06-25T00:36:32+00:00,73,4.8,5.7,5.2514,6.7584,,
2026-06-25T01:01:05+00:00,72,4.8,5.7,5.3378,6.7584,,
2026-06-25T01:24:32+00:00,72,4.99,5.7,6.54,6.7584,,
2026-06-25T01:48:33+00:00,72,5.0,5.7,5.7468,6.7584,,
2026-06-25T02:12:29+00:00,71,5.0,5.0,5.7468,6.7584,,
2026-06-25T02:36:31+00:00,70,5.0,5.69,6.54,6.7584,,
2026-06-25T03:01:08+00:00,69,5.0,5.0,6.54,6.564,,
2026-06-25T03:24:30+00:00,67,5.0,5.0,6.54,6.564,,
2026-06-25T03:48:31+00:00,69,5.0,5.0,6.54,6.564,,
2026-06-25T04:12:33+00:00,66,5.1,5.35,6.54,6.564,,
2026-06-25T04:20:57+00:00,66,5.1,5.35,6.54,6.564,,
2026-06-25T04:36:33+00:00,67,5.1,5.35,6.54,6.564,,
2026-06-25T05:01:08+00:00,72,5.1,5.33,6.54,6.564,,
2026-06-25T05:24:29+00:00,72,5.1,5.33,6.0564,6.0564,,
2026-06-25T05:48:33+00:00,73,5.0,5.33,6.0564,6.0564,,
2026-06-25T06:12:31+00:00,70,5.0,5.33,6.54,6.564,,
2026-06-25T06:36:36+00:00,69,5.1,5.33,6.54,6.564,,
2026-06-25T07:01:04+00:00,70,5.0,5.33,6.54,6.564,,
2026-06-25T07:24:35+00:00,73,5.1,5.33,6.54,6.564,,
2026-06-25T07:48:33+00:00,77,5.0,5.0,6.54,6.564,,
2026-06-25T08:00:09+00:00,80,4.99,4.99,6.54,6.564,,
2026-06-25T08:12:33+00:00,80,4.99,4.99,6.54,6.564,,
2026-06-25T08:36:30+00:00,81,4.99,4.99,6.54,6.564,,
2026-06-25T09:01:08+00:00,81,4.89,4.99,6.024,6.024,5.1,7.9221
2026-06-25T09:24:30+00:00,83,4.8,4.99,5.3173,5.7,5.0,5.7
2026-06-25T09:48:30+00:00,85,4.8,4.99,5.3173,5.7,5.0,5.7
2026-06-25T10:12:34+00:00,83,4.85,4.99,5.248,5.7,4.95,7.6907
2026-06-25T10:36:30+00:00,86,4.0,4.9,5.248,6.7584,4.7,7.3371
2026-06-25T11:01:12+00:00,87,4.78,4.89,5.248,6.7584,4.87,7.5994
2026-06-25T11:24:33+00:00,88,4.78,4.89,5.248,6.7584,4.87,7.5994
2026-06-25T11:48:32+00:00,89,4.78,4.89,5.248,7.32,4.87,7.5994
2026-06-25T11:49:02+00:00,89,4.78,4.89,5.248,7.32,4.87,7.5994
2026-06-25T12:12:36+00:00,88,4.78,4.89,5.248,7.32,4.86,5.3088
2026-06-25T12:36:35+00:00,87,4.7,4.89,5.248,7.32,4.87,7.5994
2026-06-25T13:01:08+00:00,90,4.5,4.5,5.248,7.32,4.74,7.3989
2026-06-25T13:24:33+00:00,89,4.7,4.89,5.248,7.32,4.78,7.4606
2026-06-25T13:48:36+00:00,91,4.7,4.89,5.248,7.32,4.78,7.4606
2026-06-25T14:12:36+00:00,90,4.75,4.89,5.248,7.32,4.79,7.476
2026-06-25T14:36:31+00:00,89,4.75,4.89,5.248,7.32,4.79,7.476
2026-06-25T14:52:50+00:00,89,4.75,4.89,5.248,7.32,4.87,7.5994
2026-06-25T15:01:02+00:00,91,4.75,4.89,5.248,7.32,4.87,7.5994
2026-06-25T15:24:38+00:00,90,4.75,4.89,5.248,7.32,4.87,7.5994
2026-06-25T15:48:34+00:00,92,4.79,4.88,5.248,7.32,4.87,7.5994
2026-06-25T16:12:34+00:00,88,4.85,4.88,5.248,7.32,4.89,7.5981
2026-06-25T16:18:10+00:00,87,4.85,4.88,5.248,7.32,5.08,7.8913
2026-06-25T16:36:33+00:00,86,4.85,4.88,5.248,7.32,5.08,7.8913
2026-06-25T17:01:06+00:00,86,4.85,4.88,5.248,7.32,5.08,7.8913
2026-06-25T17:21:55+00:00,83,4.85,4.88,5.248,7.32,5.08,7.8913
2026-06-25T17:24:35+00:00,83,4.85,4.88,5.248,7.32,5.08,7.8913
2026-06-25T17:48:38+00:00,86,4.85,5.0,5.248,7.32,5.08,7.8913
2026-06-25T18:12:40+00:00,85,4.85,5.0,5.248,7.32,5.08,7.8913
2026-06-25T18:36:34+00:00,85,2.5,2.5,4.2,4.2,5.08,7.8913
2026-06-25T19:01:03+00:00,82,4.85,5.0,5.248,7.32,5.08,7.8913
2026-06-25T19:24:37+00:00,83,4.85,4.87,5.248,7.32,4.87,10.3709
2026-06-25T19:48:40+00:00,87,4.62,4.62,5.248,7.32,6.6,10.6114
2026-06-25T20:12:30+00:00,86,4.62,4.62,5.248,7.32,4.87,10.3709
2026-06-25T20:36:32+00:00,86,4.62,4.62,5.248,7.32,5.0,7.9286
2026-06-25T21:01:03+00:00,88,4.62,4.62,5.248,7.32,6.6,10.6114
2026-06-25T21:24:38+00:00,84,4.62,4.62,5.248,7.32,6.6,10.6114
2026-06-25T21:48:33+00:00,86,4.62,4.62,5.248,7.32,6.6,10.6114
2026-06-25T22:12:30+00:00,83,4.62,4.62,5.248,7.32,5.0,8.5714
2026-06-25T22:36:31+00:00,82,4.62,4.62,5.248,7.32,6.8,10.92
2026-06-25T23:01:11+00:00,80,4.62,4.62,5.248,7.32,5.09,7.9067
2026-06-25T23:24:31+00:00,79,4.62,4.62,5.248,7.32,6.8,10.92
2026-06-25T23:48:32+00:00,80,4.62,4.62,5.248,7.32,7.0,11.2286
2026-06-26T00:12:35+00:00,78,4.62,4.62,5.248,7.32,7.2,11.5371
2026-06-26T00:36:36+00:00,79,4.62,4.62,5.248,5.916,5.2,5.916
2026-06-26T01:01:04+00:00,80,4.62,4.62,5.248,5.916,5.2,5.916
2026-06-26T01:24:32+00:00,80,4.62,4.62,5.248,5.916,5.09,7.9067
2026-06-26T01:48:34+00:00,78,4.62,4.62,5.248,5.916,5.09,7.9067
2026-06-26T02:12:33+00:00,80,4.59,4.62,5.248,6.972,6.6,10.6114
2026-06-26T02:36:34+00:00,77,4.62,4.62,5.248,7.08,6.6,10.6114
2026-06-26T03:01:03+00:00,79,4.62,4.62,5.248,7.08,4.9,10.4171
2026-06-26T03:24:36+00:00,79,4.45,4.62,4.816,7.08,6.6,10.6114
2026-06-26T03:45:56+00:00,79,4.45,4.62,4.816,6.7584,6.6,10.6114
2026-06-26T03:50:42+00:00,79,4.45,4.62,4.816,6.7584,6.6,10.6114
2026-06-26T03:55:34+00:00,77,4.45,4.62,4.816,6.7584,6.6,10.6114
2026-06-26T04:01:01+00:00,76,4.45,4.62,4.816,6.7584,6.6,10.6114
2026-06-26T04:05:48+00:00,78,4.45,4.62,4.816,6.7584,6.6,10.6114
2026-06-26T04:10:47+00:00,78,4.45,4.62,4.816,6.7584,6.6,10.6114
2026-06-26T04:15:42+00:00,79,4.45,4.62,4.816,6.7584,6.6,10.6114
2026-06-26T04:20:43+00:00,80,4.45,4.62,4.816,6.7584,6.6,10.6114
2026-06-26T04:25:32+00:00,82,4.45,4.62,4.816,6.7584,6.6,10.6114
2026-06-26T04:30:51+00:00,83,4.45,4.62,4.816,6.7584,6.6,10.6114
2026-06-26T04:35:37+00:00,81,4.45,4.62,4.816,6.7584,6.6,10.6114
2026-06-26T04:40:40+00:00,81,4.45,4.62,4.816,6.7584,6.6,10.6114
2026-06-26T04:45:41+00:00,82,4.45,4.62,4.816,6.7584,6.6,10.6114
2026-06-26T04:50:44+00:00,82,4.45,4.62,4.816,6.7584,6.6,10.6114
2026-06-26T04:55:36+00:00,82,4.45,4.62,4.816,6.7584,5.2,8.2371
2026-06-26T05:01:02+00:00,82,4.45,4.62,4.816,6.7584,5.2,8.2371
2026-06-26T05:05:35+00:00,82,4.45,4.62,4.816,6.7584,5.2,8.2371
2026-06-26T05:10:38+00:00,83,4.45,4.62,4.816,6.7584,5.2,8.2371
2026-06-26T05:15:42+00:00,83,4.45,4.62,4.816,6.7584,6.5,10.4571
2026-06-26T05:20:39+00:00,83,4.45,4.62,4.816,6.7584,6.5,10.4571
2026-06-26T05:25:40+00:00,82,4.45,4.62,4.816,6.7584,6.5,10.4571
2026-06-26T05:30:51+00:00,83,4.45,4.62,4.816,6.7584,6.5,10.4571
2026-06-26T05:35:31+00:00,82,4.45,4.62,4.816,6.7584,6.5,10.4571
2026-06-26T05:40:43+00:00,81,4.45,4.62,4.816,6.7584,6.5,10.4571
2026-06-26T05:45:41+00:00,81,4.45,4.62,4.816,6.7584,6.5,10.4571
2026-06-26T05:50:41+00:00,81,4.45,4.62,4.816,6.7584,6.5,10.4571
2026-06-26T05:55:35+00:00,81,4.45,4.62,4.816,6.7584,6.5,10.4571
2026-06-26T06:01:02+00:00,81,4.45,4.62,4.816,6.7584,6.5,10.4571
2026-06-26T06:05:37+00:00,82,4.45,4.62,4.816,6.7584,6.5,10.4571
2026-06-26T06:10:43+00:00,83,4.45,4.62,4.816,6.7584,6.5,10.4571
2026-06-26T06:15:38+00:00,82,4.45,4.62,4.816,6.7584,6.5,10.4571
2026-06-26T06:20:42+00:00,82,4.45,4.62,4.816,6.7584,6.5,10.4571
2026-06-26T06:25:36+00:00,82,4.45,4.62,4.816,6.7584,6.5,10.4571
2026-06-26T06:30:54+00:00,82,4.45,4.62,4.816,6.7584,6.5,10.4571
2026-06-26T06:34:20+00:00,83,4.45,4.62,4.816,6.7584,6.5,10.4571
2026-06-26T06:35:34+00:00,82,4.45,4.62,4.816,6.7584,5.19,8.2217
2026-06-26T06:40:42+00:00,83,4.45,4.62,4.816,6.7584,5.19,8.2217
2026-06-26T06:45:49+00:00,82,4.45,4.62,4.816,6.7584,5.18,8.4206
2026-06-26T06:50:40+00:00,83,4.45,4.62,4.816,6.7584,5.18,8.4206
2026-06-26T06:55:36+00:00,83,4.45,4.62,4.816,6.7584,5.18,8.4206
2026-06-26T07:01:01+00:00,83,4.45,4.62,4.816,6.7584,5.18,8.4206
2026-06-26T07:05:48+00:00,82,4.45,4.62,4.816,6.7584,5.18,8.4206
2026-06-26T07:10:40+00:00,83,4.45,4.62,4.816,6.7584,5.18,8.4206
2026-06-26T07:15:44+00:00,83,4.45,4.62,4.816,6.7584,5.18,8.4206
2026-06-26T07:20:43+00:00,82,4.45,4.62,4.816,6.7584,5.18,8.4206
2026-06-26T07:25:37+00:00,81,4.62,4.62,6.54,6.7584,5.18,8.4206
2026-06-26T07:30:57+00:00,81,4.62,4.62,6.54,6.7584,5.18,8.4206
2026-06-26T07:35:32+00:00,81,4.62,4.62,6.54,6.7584,5.18,8.4206
2026-06-26T07:40:43+00:00,81,4.62,4.62,6.54,6.7584,5.18,8.4206
2026-06-26T07:45:41+00:00,81,4.62,4.62,6.54,6.7584,5.18,8.4206
2026-06-26T07:50:45+00:00,81,4.62,4.62,6.54,6.7584,5.18,8.4206
2026-06-26T07:55:35+00:00,82,4.6,4.6,6.54,6.7584,5.18,8.4206
2026-06-26T08:01:00+00:00,82,4.6,4.6,6.54,6.7584,5.18,8.4206
2026-06-26T08:05:34+00:00,82,4.6,4.6,6.54,6.7584,5.18,8.4206
2026-06-26T08:10:42+00:00,82,4.6,4.6,6.54,6.7584,5.18,8.4206
2026-06-26T08:15:42+00:00,81,4.62,4.62,6.54,6.7584,5.1,7.9543
2026-06-26T08:20:45+00:00,80,4.62,4.62,6.54,6.7584,5.1,7.9543
2026-06-26T08:25:37+00:00,80,4.62,4.62,6.54,6.7584,5.1,7.9543
2026-06-26T08:30:54+00:00,79,4.62,4.62,6.54,6.7584,5.15,8.3743
2026-06-26T08:35:34+00:00,80,4.62,4.62,6.54,6.7584,5.1,7.9543
2026-06-26T08:40:44+00:00,80,4.62,4.62,6.54,6.7584,5.1,7.9543
2026-06-26T08:45:42+00:00,79,4.62,4.62,6.54,6.7584,5.1,7.9543
2026-06-26T08:50:41+00:00,80,4.6,4.6,6.54,6.7584,5.1,7.9543
2026-06-26T08:55:38+00:00,81,4.6,4.6,6.54,6.7584,5.1,7.9543
2026-06-26T09:01:12+00:00,80,4.62,4.62,6.54,6.7584,5.1,7.9543
2026-06-26T09:05:33+00:00,80,4.62,4.62,6.54,6.7584,5.1,7.9543
2026-06-26T09:10:43+00:00,80,4.62,4.62,6.54,6.7584,5.1,7.9543
2026-06-26T09:15:46+00:00,79,4.62,4.62,6.54,6.7584,5.1,7.9543
2026-06-26T09:20:41+00:00,79,4.62,4.62,6.54,6.7584,5.1,7.9543
2026-06-26T09:25:42+00:00,79,4.62,4.62,6.54,6.7584,5.1,7.9543
2026-06-26T09:30:59+00:00,79,4.62,4.62,6.54,6.7584,5.1,7.9543
2026-06-26T09:35:33+00:00,79,4.62,4.62,6.54,6.7584,5.1,7.9543
2026-06-26T09:40:44+00:00,80,4.62,4.62,5.916,5.916,5.1,7.9543
2026-06-26T09:45:39+00:00,81,4.62,4.62,5.916,5.916,5.1,7.9543
2026-06-26T09:50:42+00:00,81,4.62,4.62,5.916,5.916,5.19,8.2217
2026-06-26T09:55:47+00:00,82,4.62,4.62,5.916,5.916,5.19,8.2217
2026-06-26T10:01:03+00:00,84,4.62,4.62,5.916,5.916,5.19,8.2217
2026-06-26T10:05:35+00:00,84,4.62,4.62,5.916,5.916,5.19,8.2217
2026-06-26T10:10:41+00:00,83,4.62,4.62,5.916,5.916,5.19,8.2217
2026-06-26T10:15:40+00:00,82,4.62,4.62,5.916,5.916,5.19,8.2217
2026-06-26T10:20:44+00:00,81,4.62,4.62,5.916,5.916,5.19,8.2217
2026-06-26T10:25:34+00:00,81,4.62,4.62,5.916,5.916,5.16,10.8183
2026-06-26T10:30:52+00:00,81,4.62,4.62,5.916,5.916,5.0,10.5714
2026-06-26T10:35:36+00:00,82,4.62,4.62,5.916,5.916,5.1,7.9543
2026-06-26T10:40:41+00:00,82,4.62,4.62,5.916,5.916,5.1,7.9543
2026-06-26T10:45:41+00:00,83,4.62,4.62,5.916,5.916,5.1,7.9543
2026-06-26T10:50:42+00:00,83,4.62,4.62,5.916,5.916,5.1,7.9543
2026-06-26T10:55:39+00:00,85,4.62,4.62,5.916,5.916,5.1,7.9543
2026-06-26T11:01:03+00:00,85,4.62,4.62,5.916,5.916,5.1,7.9543
2026-06-26T11:05:39+00:00,85,4.62,4.62,5.916,5.916,5.1,7.9543
2026-06-26T11:10:48+00:00,84,4.62,4.62,5.916,5.916,6.2,9.9943
2026-06-26T11:15:42+00:00,85,4.62,4.62,5.916,5.916,6.2,9.9943
2026-06-26T11:20:41+00:00,85,4.62,4.62,5.916,5.916,6.2,9.9943
2026-06-26T11:25:36+00:00,86,4.62,4.62,5.916,5.916,6.2,9.9943
2026-06-26T11:30:59+00:00,85,4.62,4.62,5.916,5.916,6.2,9.9943
2026-06-26T11:35:33+00:00,85,4.62,4.62,5.916,5.916,6.2,9.9943
2026-06-26T11:40:40+00:00,85,4.62,4.62,5.916,5.916,6.2,9.9943
2026-06-26T11:45:44+00:00,85,4.62,4.62,5.916,5.916,6.2,9.9943
2026-06-26T11:50:41+00:00,84,4.62,4.62,5.916,5.916,5.19,8.2217
2026-06-26T11:55:34+00:00,84,4.62,4.62,5.916,5.916,5.19,8.2217
2026-06-26T12:01:04+00:00,84,4.62,4.62,5.916,5.916,5.19,8.2217
2026-06-26T12:05:36+00:00,81,4.62,4.62,5.916,5.916,5.19,8.2217
2026-06-26T12:10:42+00:00,81,4.62,4.62,5.916,5.916,5.19,8.2217
2026-06-26T12:15:43+00:00,80,4.62,4.62,5.916,5.916,5.19,8.0503
2026-06-26T12:20:43+00:00,80,4.62,4.62,5.916,5.916,6.2,9.9943
2026-06-26T12:25:37+00:00,81,4.62,4.62,5.916,5.916,6.2,9.9943
2026-06-26T12:30:58+00:00,82,4.62,4.62,5.916,5.916,6.2,9.9943
2026-06-26T12:35:34+00:00,82,4.62,4.62,5.916,5.916,6.2,9.9943
2026-06-26T12:40:45+00:00,83,4.62,4.62,5.916,5.916,5.19,8.0503
2026-06-26T12:45:39+00:00,83,4.62,4.62,5.916,5.916,5.19,8.0503
2026-06-26T12:50:41+00:00,84,4.62,4.62,5.916,5.916,5.19,8.0503
2026-06-26T12:55:32+00:00,84,4.62,4.62,5.916,5.916,5.19,8.0503
2026-06-26T13:00:59+00:00,84,4.62,4.62,5.916,5.916,5.19,8.0503
2026-06-26T13:05:34+00:00,84,4.62,4.62,5.916,5.916,5.19,8.0503
2026-06-26T13:10:44+00:00,84,4.62,4.62,5.916,5.916,5.19,8.0503
2026-06-26T13:15:42+00:00,85,4.62,4.62,5.916,5.916,4.9,10.4171
2026-06-26T13:20:44+00:00,86,4.62,4.62,5.916,5.916,4.9,10.4171
2026-06-26T13:25:37+00:00,85,4.62,4.62,5.916,5.916,6.5,10.4571
2026-06-26T13:30:51+00:00,84,4.9,4.9,5.916,5.916,4.9,10.4171
2026-06-26T13:35:33+00:00,83,4.9,4.9,5.916,5.916,4.9,10.4171
2026-06-26T13:40:40+00:00,84,4.9,4.9,5.916,5.916,6.5,10.4571
2026-06-26T13:45:39+00:00,84,4.9,4.9,5.916,5.916,4.9,10.4171
2026-06-26T13:50:43+00:00,82,5.0,5.0,5.916,5.916,5.19,8.0503
2026-06-26T13:55:45+00:00,84,4.9,4.9,5.916,5.916,6.5,10.4571
2026-06-26T14:01:06+00:00,84,5.0,5.0,5.916,5.916,5.0,8.5714
2026-06-26T14:05:39+00:00,84,5.0,5.0,5.916,5.916,5.19,8.0503
2026-06-26T17:04:29+00:00,89,4.3,4.3,5.916,5.916,5.03,8.1891
2026-06-26T17:05:14+00:00,89,4.3,4.3,5.916,5.916,5.03,8.1891
2026-06-26T17:10:43+00:00,87,5.0,5.0,5.916,5.916,5.03,8.1891
2026-06-26T17:15:42+00:00,89,4.3,4.3,5.916,5.916,5.03,8.1891
2026-06-26T17:20:40+00:00,89,4.3,4.3,5.916,5.916,5.03,8.1891
2026-06-26T17:25:30+00:00,91,4.3,4.3,5.916,5.916,5.03,8.1891
2026-06-26T17:26:52+00:00,92,4.3,4.3,5.916,5.916,5.03,8.1891
2026-06-26T17:30:48+00:00,91,4.3,4.3,5.916,5.916,5.03,8.1891
2026-06-26T17:35:32+00:00,91,4.3,4.3,5.916,5.916,5.03,8.1891
2026-06-26T17:40:37+00:00,89,4.3,4.3,5.916,5.916,5.03,8.1891
2026-06-26T17:45:39+00:00,89,4.3,4.3,5.916,5.916,5.03,8.1891
2026-06-26T17:50:44+00:00,90,4.3,4.3,5.916,5.916,5.03,8.1891
2026-06-26T17:55:35+00:00,88,5.0,5.0,5.916,5.916,5.03,8.1891
2026-06-26T18:00:59+00:00,88,5.0,5.0,5.916,5.916,5.03,8.1891
2026-06-26T18:05:36+00:00,89,5.0,5.0,5.916,5.916,5.03,8.1891
2026-06-26T18:10:39+00:00,87,5.0,5.0,5.916,5.916,5.03,8.1891
2026-06-26T18:15:37+00:00,87,5.0,5.0,5.916,5.916,5.03,7.9073
2026-06-26T18:20:41+00:00,88,5.0,5.0,5.916,5.916,5.02,8.1737
2026-06-26T18:25:34+00:00,88,5.0,5.0,5.916,5.916,5.02,8.1737
2026-06-26T18:30:51+00:00,88,5.0,5.0,5.916,5.916,5.02,8.1737
2026-06-26T18:35:34+00:00,88,5.0,5.0,5.916,5.916,5.02,8.1737
2026-06-26T18:40:42+00:00,88,5.0,5.0,5.916,5.916,5.02,8.1737
2026-06-26T18:45:40+00:00,88,5.0,5.0,5.916,5.916,5.02,8.1737
2026-06-26T18:50:41+00:00,88,5.0,5.0,5.916,5.916,5.0,7.9286
2026-06-26T18:55:30+00:00,88,5.0,5.0,5.916,5.916,5.0,7.9286
2026-06-26T19:01:02+00:00,89,5.0,5.0,5.916,5.916,5.0,7.9286
2026-06-26T19:05:35+00:00,87,5.0,5.0,5.916,5.916,5.8,9.3771
2026-06-26T19:10:39+00:00,87,5.0,5.0,5.916,5.916,5.8,9.3771
2026-06-26T19:15:38+00:00,87,5.0,5.0,5.916,5.916,5.8,9.3771
2026-06-26T19:20:43+00:00,87,5.0,5.0,5.916,5.916,5.8,9.3771
2026-06-26T19:25:36+00:00,89,5.0,5.0,5.916,5.916,5.8,9.3771
2026-06-26T19:30:50+00:00,87,5.0,5.0,5.916,5.916,5.18,8.4206
2026-06-26T19:35:32+00:00,89,5.0,5.0,5.916,5.916,5.8,9.3771
2026-06-26T19:40:41+00:00,89,5.0,5.0,5.916,5.916,5.8,9.3771
2026-06-26T19:45:37+00:00,90,5.0,5.0,5.916,5.916,5.0,8.1429
2026-06-26T19:50:38+00:00,90,5.0,5.0,5.916,5.916,5.8,9.3771
2026-06-26T19:55:35+00:00,90,5.0,5.0,5.916,5.916,5.0,8.1429
2026-06-26T20:00:59+00:00,90,5.0,5.0,5.916,5.916,5.0,8.1429
2026-06-26T20:05:34+00:00,90,5.0,5.0,5.916,5.916,5.0,8.1429
2026-06-26T20:10:40+00:00,92,5.0,5.0,5.916,5.916,5.0,8.1429
2026-06-26T20:15:41+00:00,91,5.0,5.0,5.916,5.916,5.0,8.1429
2026-06-26T20:20:38+00:00,95,4.0,4.0,5.4492,5.916,4.99,5.4492
2026-06-26T20:25:31+00:00,95,4.0,4.0,5.4492,5.916,5.0,8.1429
2026-06-26T20:30:51+00:00,95,4.99,5.0,5.4492,5.916,5.0,8.1429
2026-06-26T20:35:33+00:00,95,4.99,5.0,5.4492,5.916,5.0,8.1429
2026-06-26T20:40:41+00:00,95,4.99,5.0,5.4492,5.916,5.0,8.1429
2026-06-26T20:45:42+00:00,95,4.99,5.0,5.4492,5.916,5.0,8.1429
2026-06-26T20:50:41+00:00,93,4.99,5.0,5.4492,5.916,5.0,8.1429
2026-06-26T20:55:33+00:00,93,5.0,5.0,5.916,5.916,5.0,8.1429
2026-06-26T21:00:58+00:00,93,5.0,5.0,5.916,5.916,5.0,8.1429
2026-06-26T21:05:37+00:00,92,5.0,5.0,5.916,5.916,5.0,8.1429
2026-06-26T21:10:43+00:00,92,4.99,4.99,5.916,5.916,5.0,8.1429
2026-06-26T21:15:36+00:00,92,4.99,4.99,5.916,5.916,5.0,8.1429
2026-06-26T21:20:38+00:00,92,5.0,5.0,5.916,5.916,5.0,8.1429
2026-06-26T21:25:35+00:00,90,5.0,5.0,5.916,5.916,5.8,9.3771
2026-06-26T21:30:49+00:00,89,5.0,5.0,5.916,5.916,5.8,9.3771
2026-06-26T21:35:31+00:00,89,4.99,4.99,5.916,5.916,5.8,9.3771
2026-06-26T21:40:41+00:00,90,4.8,4.99,5.916,5.916,5.0,8.1429
2026-06-26T21:45:37+00:00,88,4.8,5.0,5.916,5.916,5.0,8.1429
2026-06-26T21:50:39+00:00,90,4.0,4.0,5.4492,5.916,5.0,8.1429
2026-06-26T21:55:31+00:00,90,4.8,4.95,5.4492,5.916,4.95,8.0657
2026-06-26T22:00:58+00:00,89,4.8,5.0,5.4492,5.916,5.0,8.1429
2026-06-26T22:05:37+00:00,89,4.8,5.0,5.916,5.916,5.0,8.1429
2026-06-26T22:10:43+00:00,88,4.8,5.0,5.916,5.916,5.0,8.1429
2026-06-26T22:15:47+00:00,87,4.8,5.0,5.916,5.916,5.0,8.1429
2026-06-26T22:20:40+00:00,87,4.8,5.0,5.916,5.916,5.0,8.1429
2026-06-26T22:25:29+00:00,88,4.8,5.0,5.916,5.916,5.0,8.1429
2026-06-26T22:30:55+00:00,86,4.8,5.0,5.916,5.916,5.0,8.1429
2026-06-26T22:35:33+00:00,84,4.8,5.0,5.916,5.916,5.0,8.1429
2026-06-26T22:40:39+00:00,84,4.8,5.0,5.916,5.916,5.0,8.1429
2026-06-26T22:45:35+00:00,83,5.0,5.0,5.916,5.916,5.0,8.1429
2026-06-26T22:50:44+00:00,84,5.03,5.09,5.629,5.916,5.19,8.0503
2026-06-26T22:55:32+00:00,84,5.03,5.09,5.629,5.916,5.19,8.0503
2026-06-26T23:00:55+00:00,84,5.03,5.09,5.629,5.916,5.19,8.0503
2026-06-26T23:05:33+00:00,83,5.05,5.09,5.629,5.916,5.19,8.0503
2026-06-26T23:10:38+00:00,85,5.0,5.09,5.629,5.916,5.19,8.0503
2026-06-26T23:15:38+00:00,85,5.0,5.09,5.629,5.916,5.19,8.0503
2026-06-26T23:20:42+00:00,82,5.09,5.09,5.629,5.916,5.19,8.0503
2026-06-26T23:25:32+00:00,82,5.09,5.09,5.629,5.916,5.19,8.0503
2026-06-26T23:30:50+00:00,83,4.95,4.95,5.629,5.916,4.95,8.0657
2026-06-26T23:35:31+00:00,84,4.95,4.95,5.629,5.916,5.0,9.8571
2026-06-26T23:40:41+00:00,83,5.09,5.09,5.629,5.916,5.19,8.0503
2026-06-26T23:45:37+00:00,81,5.09,5.09,5.629,5.916,5.19,8.0503
2026-06-26T23:50:40+00:00,82,3.8,5.09,5.629,5.916,5.19,8.0503
2026-06-26T23:55:35+00:00,81,3.8,5.09,5.629,5.916,5.19,8.0503
2026-06-27T00:01:03+00:00,83,3.8,5.0,5.629,5.916,6.4,10.3029
2026-06-27T00:05:33+00:00,82,3.8,5.09,5.629,5.916,5.19,8.0503
2026-06-27T00:10:46+00:00,85,3.8,5.09,5.629,5.916,5.19,8.0503
2026-06-27T00:15:38+00:00,86,3.8,5.09,5.629,5.916,5.19,11.5789
2026-06-27T00:20:43+00:00,86,3.8,5.09,5.629,5.916,5.19,11.5789
2026-06-27T00:25:33+00:00,86,3.8,5.09,5.629,5.916,5.19,11.5789
2026-06-27T00:30:48+00:00,87,3.8,5.09,5.629,5.916,5.19,11.5789
2026-06-27T00:35:34+00:00,86,3.8,5.09,5.629,5.916,5.19,11.5789
2026-06-27T00:40:41+00:00,86,3.8,5.09,5.629,5.916,5.19,11.5789
2026-06-27T00:45:39+00:00,86,3.8,5.08,5.629,5.916,5.19,11.5789
2026-06-27T00:50:39+00:00,85,3.8,5.09,5.629,5.916,5.19,11.5789
2026-06-27T00:55:35+00:00,85,3.8,5.09,5.629,5.916,6.4,10.3029
2026-06-27T01:00:58+00:00,86,3.8,5.09,5.629,5.916,6.4,10.3029
2026-06-27T01:05:33+00:00,86,3.8,5.09,5.629,5.916,6.4,10.3029
2026-06-27T01:10:39+00:00,86,3.8,5.09,5.629,5.916,6.4,10.3029
2026-06-27T01:15:36+00:00,84,5.09,5.09,5.629,5.916,5.19,8.0503
2026-06-27T01:20:42+00:00,84,5.09,5.09,5.629,5.916,5.19,8.0503
2026-06-27T01:25:31+00:00,84,4.5,5.09,5.629,5.916,6.4,10.3029
2026-06-27T01:30:46+00:00,82,5.09,5.09,5.629,5.916,5.19,8.0503
2026-06-27T01:35:33+00:00,83,5.09,5.09,5.629,5.916,5.19,8.0503
2026-06-27T01:40:39+00:00,83,5.09,5.09,5.629,5.916,5.19,8.0503
2026-06-27T01:45:36+00:00,85,5.09,5.09,5.629,5.916,5.19,8.0503
2026-06-27T01:50:47+00:00,85,5.09,5.09,5.629,5.916,5.19,8.0503
2026-06-27T01:55:35+00:00,83,5.09,5.09,5.629,5.916,5.19,8.0503
2026-06-27T02:00:59+00:00,83,5.09,5.09,5.629,5.916,5.19,8.0503
2026-06-27T02:05:31+00:00,83,5.09,5.09,5.629,5.916,5.19,8.0503
2026-06-27T02:10:40+00:00,83,5.09,5.09,5.629,5.916,5.19,8.0503
2026-06-27T02:15:39+00:00,83,5.09,5.09,5.629,5.916,5.19,8.0503
2026-06-27T02:20:41+00:00,82,5.09,5.09,5.629,5.916,5.19,8.0503
2026-06-27T02:25:36+00:00,82,5.09,5.09,5.629,5.916,5.19,8.0503
2026-06-27T02:30:51+00:00,83,5.09,5.09,5.629,5.916,5.19,8.0503
2026-06-27T02:35:34+00:00,83,5.09,5.09,5.629,5.916,5.19,8.0503
2026-06-27T02:40:40+00:00,82,5.09,5.09,5.629,5.916,5.19,8.0503
2026-06-27T02:45:39+00:00,83,5.09,5.09,5.629,5.916,5.19,8.0503
2026-06-27T02:50:42+00:00,84,3.8,5.09,5.629,5.916,6.4,10.3029
2026-06-27T02:55:35+00:00,84,3.8,5.09,5.629,5.916,6.4,10.3029
2026-06-27T03:01:04+00:00,81,3.8,5.09,5.629,5.916,6.4,10.3029
2026-06-27T03:05:34+00:00,81,3.8,5.09,5.629,5.916,6.4,10.3029
2026-06-27T03:10:44+00:00,82,3.8,5.09,5.629,5.916,5.18,8.4206
2026-06-27T03:15:36+00:00,82,3.8,5.09,5.629,5.916,5.18,8.4206
2026-06-27T03:20:39+00:00,82,3.8,5.09,5.629,5.916,5.18,8.4206
2026-06-27T03:25:35+00:00,81,3.8,5.09,5.629,5.916,5.18,8.4206
2026-06-27T03:30:52+00:00,81,3.8,5.09,5.629,5.916,5.18,8.4206
2026-06-27T03:35:31+00:00,81,3.8,5.09,5.629,5.916,5.18,8.4206
2026-06-27T03:40:41+00:00,80,3.8,5.09,5.629,5.916,5.18,8.4206
2026-06-27T03:45:37+00:00,81,3.0,5.09,4.6429,5.916,5.18,8.4206
2026-06-27T03:50:49+00:00,80,2.8,5.09,4.3486,5.916,5.18,8.4206
2026-06-27T03:55:30+00:00,80,2.8,5.09,4.3486,5.916,5.18,8.4206
2026-06-27T04:01:02+00:00,80,2.8,5.09,4.3486,5.916,5.18,8.4206
